source,target,weight
3,1,1
3,2,1
4,1,1
4,5,1
5,6,1
6,7,1
7,8,1
8,9,1
9,10,1
10,11,1
11,12,1
13,11,1
14,13,1
15,14,1
11,16,1
16,17,1
18,17,1
19,18,1
20,19,1
21,20,1
22,21,1
23,22,1
24,23,1
25,24,1
26,25,1
27,26,1
28,27,1
29,28,1
30,29,1
31,32,1
32,33,1
33,34,1
34,35,1
35,36,1
36,37,1
37,38,1
38,39,1
40,39,1
40,41,1
42,41,1
43,42,1
41,44,1
44,45,1
45,46,1
46,47,1
48,47,1
49,48,1
50,49,1
51,50,1
52,51,1
53,52,1
39,54,1
54,53,1
56,55,1
57,56,1
58,57,1
59,58,1
60,59,1
60,61,1
61,62,1
62,63,1
63,64,1
64,65,1
66,63,1
67,66,1
68,67,1
69,68,1
70,69,1
71,70,1
72,71,1
73,72,1
74,73,1
75,74,1
77,76,1
78,77,1
79,78,1
80,71,1
80,79,1
71,81,1
81,82,1
82,83,1
83,84,1
84,85,1
85,86,1
86,87,1
86,88,1
88,89,1
89,90,1
90,91,1
91,92,1
93,92,1
94,93,1
95,94,1
96,93,1
96,94,1
97,93,1
98,97,1
99,93,1
18,101,1
101,100,1
102,98,1
102,103,1
103,104,1
105,104,1
105,106,1
107,106,1
108,107,1
109,49,1
109,108,1
110,106,1
111,110,1
112,111,1
113,112,1
114,113,1
115,114,1
90,116,1
116,115,1
117,90,1
117,116,1
118,117,1
119,118,1
120,119,1
121,63,1
121,120,1
122,121,1
123,122,1
124,123,1
125,124,1
126,125,1
127,126,1
128,127,1
129,128,1
130,129,1
131,130,1
133,132,1
134,124,1
132,134,1
124,135,1
135,136,1
65,138,1
138,137,1
140,139,1
139,141,1
142,141,1
136,143,1
143,142,1
142,144,1
144,145,1
146,111,1
145,146,1
147,128,1
148,51,1
148,99,1
100,148,1
149,51,1
12,150,1
150,149,1
151,22,1
87,151,1
22,152,1
152,96,1
51,153,1
154,139,1
155,140,1
156,140,1
156,147,1
157,128,1
158,136,1
137,158,1
159,139,1
140,159,1
161,160,1
162,160,1
163,161,1
163,162,1
164,108,1
162,164,1
163,164,1
165,48,1
165,161,1
165,163,1
166,109,1
166,163,1
166,165,1
167,48,1
167,50,1
169,50,1
169,109,1
169,168,1
170,103,1
170,169,1
104,171,1
170,171,1
172,104,1
170,172,1
173,108,1
173,163,1
166,173,1
173,169,1
173,171,1
174,105,1
174,107,1
171,174,1
173,174,1
105,175,1
106,175,1
172,175,1
107,176,1
164,176,1
176,175,1
106,177,1
177,176,1
178,177,1
113,179,1
179,172,1
112,180,1
180,175,1
179,180,1
181,146,1
181,178,1
182,112,1
145,182,1
182,146,1
182,178,1
183,113,1
183,182,1
184,114,1
184,183,1
185,182,1
185,183,1
185,184,1
186,141,1
186,144,1
186,182,1
186,185,1
144,187,1
187,145,1
187,181,1
141,188,1
143,188,1
188,187,1
189,185,1
190,143,1
158,190,1
190,186,1
190,189,1
191,120,1
191,137,1
191,189,1
191,190,1
192,191,1
193,158,1
193,188,1
193,191,1
192,193,1
194,188,1
194,193,1
195,154,1
195,192,1
195,193,1
195,194,1
153,196,1
197,7,1
197,8,1
198,14,1
199,197,1
199,198,1
200,13,1
198,200,1
201,10,1
197,201,1
199,201,1
201,200,1
14,203,1
203,202,1
204,54,1
202,204,1
200,205,1
203,205,1
205,204,1
42,206,1
44,206,1
40,207,1
207,202,1
207,206,1
208,45,1
208,206,1
54,209,1
209,207,1
209,208,1
210,44,1
212,45,1
212,210,1
212,211,1
213,8,1
214,7,1
214,213,1
215,213,1
216,214,1
216,215,1
10,217,1
217,12,1
217,200,1
218,197,1
213,218,1
218,217,1
219,16,1
219,217,1
220,215,1
220,218,1
220,219,1
221,150,1
221,204,1
205,221,1
12,222,1
222,13,1
222,205,1
222,221,1
150,223,1
16,224,1
222,224,1
224,223,1
225,53,1
225,208,1
225,209,1
226,53,1
204,226,1
226,209,1
221,226,1
227,52,1
227,167,1
225,227,1
228,52,1
228,149,1
228,223,1
226,228,1
229,46,1
229,211,1
229,212,1
230,46,1
208,230,1
230,212,1
225,230,1
231,47,1
231,161,1
231,165,1
231,229,1
47,232,1
232,165,1
232,167,1
232,227,1
230,232,1
233,211,1
233,229,1
234,160,1
234,231,1
234,233,1
235,153,1
235,167,1
168,235,1
227,235,1
228,235,1
236,235,1
237,168,1
237,169,1
237,170,1
237,236,1
238,167,1
238,168,1
238,235,1
98,239,1
239,237,1
97,240,1
99,240,1
240,236,1
240,239,1
241,98,1
242,92,1
242,97,1
242,241,1
243,102,1
243,170,1
243,239,1
244,102,1
244,103,1
244,172,1
244,179,1
244,184,1
244,241,1
245,115,1
245,184,1
245,241,1
246,91,1
116,246,1
246,242,1
246,245,1
247,115,1
118,247,1
247,184,1
248,117,1
248,247,1
114,249,1
249,244,1
249,245,1
250,184,1
250,185,1
250,189,1
250,247,1
252,118,1
252,119,1
253,248,1
253,251,1
253,252,1
254,252,1
255,251,1
255,253,1
255,254,1
256,189,1
191,256,1
257,119,1
257,250,1
257,256,1
258,191,1
259,120,1
259,254,1
259,257,1
258,259,1
260,137,1
260,192,1
260,258,1
261,254,1
262,255,1
262,261,1
263,66,1
263,261,1
264,262,1
264,263,1
65,265,1
265,138,1
265,258,1
266,259,1
261,266,1
266,265,1
267,64,1
267,65,1
268,64,1
268,263,1
268,266,1
269,192,1
270,138,1
270,260,1
270,269,1
271,123,1
271,269,1
272,122,1
272,267,1
272,270,1
272,271,1
273,195,1
273,269,1
274,125,1
274,271,1
274,273,1
275,62,1
275,267,1
276,62,1
276,268,1
277,61,1
277,275,1
278,61,1
278,276,1
279,123,1
279,134,1
280,122,1
280,275,1
280,279,1
281,132,1
281,279,1
282,277,1
282,280,1
282,281,1
283,125,1
283,132,1
283,134,1
215,284,1
285,216,1
285,284,1
284,286,1
287,285,1
287,286,1
288,17,1
219,288,1
289,220,1
284,289,1
289,288,1
290,19,1
290,288,1
286,291,1
291,289,1
291,290,1
292,223,1
17,293,1
293,101,1
293,224,1
293,292,1
100,294,1
294,236,1
294,292,1
19,295,1
295,100,1
295,101,1
296,286,1
297,287,1
297,296,1
24,298,1
298,296,1
299,298,1
300,20,1
300,290,1
291,301,1
296,301,1
301,300,1
302,21,1
302,300,1
303,23,1
298,303,1
303,301,1
303,302,1
304,94,1
304,99,1
304,294,1
20,305,1
305,295,1
305,304,1
92,306,1
96,306,1
21,307,1
152,307,1
305,307,1
307,306,1
308,24,1
309,308,1
310,308,1
311,309,1
311,310,1
312,151,1
312,302,1
313,23,1
313,308,1
313,312,1
314,87,1
314,312,1
315,310,1
315,313,1
315,314,1
316,91,1
316,306,1
151,317,1
317,152,1
317,316,1
89,318,1
318,248,1
318,316,1
319,87,1
319,88,1
319,317,1
319,318,1
320,86,1
320,88,1
320,89,1
251,320,1
321,1,1
322,4,1
322,321,1
323,197,1
324,322,1
325,6,1
325,197,1
323,325,1
326,5,1
326,322,1
326,324,1
326,325,1
327,321,1
328,4,1
328,327,1
329,6,1
329,214,1
329,326,1
330,5,1
330,328,1
330,329,1
331,216,1
331,329,1
332,328,1
332,330,1
332,331,1
333,327,1
334,328,1
334,333,1
335,285,1
335,331,1
336,332,1
336,334,1
336,335,1
337,287,1
337,335,1
338,334,1
338,336,1
338,337,1
339,29,1
339,333,1
340,28,1
340,334,1
340,339,1
341,297,1
341,337,1
342,338,1
342,340,1
342,341,1
343,26,1
343,299,1
343,341,1
344,27,1
344,340,1
344,342,1
344,343,1
345,29,1
345,30,1
346,28,1
346,345,1
347,26,1
347,309,1
348,27,1
348,346,1
348,347,1
349,311,1
349,347,1
350,346,1
350,348,1
350,349,1
352,32,1
353,351,1
353,352,1
354,352,1
355,351,1
355,353,1
355,354,1
356,32,1
356,354,1
357,356,1
358,356,1
357,358,1
359,351,1
354,360,1
361,355,1
361,359,1
361,360,1
360,362,1
363,359,1
363,361,1
363,362,1
364,33,1
356,364,1
365,33,1
365,356,1
360,365,1
366,34,1
364,366,1
367,34,1
367,362,1
365,367,1
358,368,1
368,364,1
369,366,1
368,369,1
359,370,1
362,371,1
372,363,1
372,370,1
372,371,1
371,373,1
370,374,1
374,372,1
374,373,1
375,35,1
366,375,1
376,367,1
371,376,1
376,375,1
377,36,1
377,375,1
373,378,1
376,378,1
378,377,1
379,35,1
369,379,1
380,36,1
379,380,1
381,197,1
370,381,1
382,373,1
374,383,1
383,381,1
383,382,1
384,198,1
382,384,1
385,199,1
381,385,1
383,385,1
385,384,1
386,37,1
377,386,1
378,387,1
387,382,1
387,386,1
388,38,1
388,202,1
386,388,1
389,203,1
384,389,1
387,389,1
389,388,1
390,37,1
380,390,1
391,42,1
391,210,1
390,391,1
38,392,1
392,40,1
390,392,1
392,391,1
394,393,1
395,394,1
396,395,1
397,351,1
397,396,1
398,393,1
399,394,1
399,398,1
400,395,1
400,399,1
401,396,1
402,396,1
402,400,1
402,401,1
403,401,1
404,400,1
404,402,1
404,403,1
405,359,1
405,397,1
405,401,1
405,403,1
406,398,1
407,399,1
407,406,1
408,400,1
408,407,1
403,409,1
410,404,1
410,408,1
410,409,1
411,409,1
412,408,1
412,410,1
412,411,1
413,370,1
413,405,1
413,409,1
413,411,1
414,2,1
414,406,1
415,1,1
415,407,1
415,414,1
416,322,1
416,408,1
416,415,1
417,411,1
412,418,1
418,416,1
418,417,1
419,323,1
419,417,1
420,324,1
420,416,1
420,418,1
420,419,1
421,197,1
421,381,1
421,413,1
417,421,1
421,419,1
422,310,1
423,311,1
423,422,1
424,422,1
425,423,1
425,424,1
426,85,1
426,86,1
426,314,1
427,315,1
427,422,1
427,426,1
428,84,1
428,85,1
428,251,1
429,84,1
429,424,1
429,427,1
430,83,1
430,424,1
431,425,1
431,430,1
432,82,1
432,430,1
433,431,1
433,432,1
434,428,1
435,83,1
435,429,1
435,434,1
436,434,1
437,82,1
437,435,1
437,436,1
438,251,1
438,262,1
439,251,1
439,434,1
439,438,1
440,264,1
440,438,1
441,436,1
441,439,1
441,440,1
442,70,1
442,81,1
442,432,1
443,81,1
443,433,1
444,70,1
445,72,1
445,443,1
446,68,1
446,436,1
447,69,1
447,437,1
447,442,1
447,446,1
448,68,1
449,69,1
449,444,1
449,448,1
450,440,1
451,67,1
451,441,1
451,446,1
451,450,1
452,450,1
453,67,1
453,448,1
453,452,1
454,66,1
454,276,1
455,264,1
455,450,1
455,454,1
456,278,1
456,454,1
457,452,1
457,455,1
457,456,1
458,72,1
458,80,1
458,444,1
459,448,1
459,449,1
459,458,1
460,452,1
460,453,1
460,459,1
461,60,1
461,456,1
461,457,1
461,460,1
462,60,1
462,277,1
462,278,1
463,281,1
464,282,1
464,462,1
464,463,1
465,463,1
466,462,1
466,464,1
466,465,1
467,283,1
467,463,1
467,465,1
468,79,1
468,80,1
469,459,1
469,468,1
470,460,1
470,469,1
471,59,1
471,461,1
471,470,1
472,59,1
472,462,1
473,465,1
473,466,1
473,472,1
474,467,1
474,473,1
475,78,1
475,79,1
476,469,1
476,475,1
477,345,1
478,346,1
478,477,1
479,349,1
479,350,1
479,423,1
479,425,1
479,478,1
480,477,1
481,478,1
481,479,1
481,480,1
482,431,1
482,433,1
482,479,1
482,481,1
483,480,1
484,481,1
484,483,1
485,73,1
485,443,1
485,445,1
485,482,1
485,484,1
486,75,1
487,74,1
487,484,1
487,486,1
488,73,1
488,458,1
488,487,1
489,75,1
490,74,1
490,489,1
491,468,1
491,488,1
491,490,1
492,489,1
493,490,1
493,492,1
494,78,1
494,491,1
494,493,1
495,492,1
496,77,1
496,493,1
496,495,1
497,77,1
497,494,1
498,58,1
498,470,1
498,476,1
499,58,1
499,471,1
500,472,1
500,499,1
501,473,1
501,474,1
501,500,1
502,475,1
502,497,1
503,476,1
504,503,1
505,498,1
505,499,1
506,500,1
507,501,1
507,506,1
508,502,1
509,503,1
509,504,1
509,508,1
510,56,1
510,504,1
510,505,1
511,55,1
511,56,1
511,506,1
512,55,1
512,504,1
512,509,1
512,510,1
513,511,1
514,506,1
514,513,1
126,515,1
515,154,1
155,515,1
515,273,1
515,274,1
515,283,1
516,127,1
129,516,1
516,155,1
516,156,1
516,157,1
517,157,1
518,126,1
518,127,1
518,283,1
518,467,1
519,129,1
519,517,1
519,518,1
520,467,1
520,474,1
520,518,1
521,130,1
521,519,1
521,520,1
522,130,1
522,519,1
523,474,1
523,501,1
523,507,1
523,520,1
524,131,1
524,521,1
524,523,1
525,131,1
525,521,1
525,522,1
526,30,1
526,321,1
526,327,1
526,333,1
526,339,1
526,414,1
526,477,1
527,2,1
527,393,1
527,398,1
527,406,1
528,527,1
529,393,1
529,528,1
530,394,1
530,395,1
530,529,1
531,395,1
531,396,1
531,530,1
532,396,1
532,397,1
532,531,1
533,351,1
533,353,1
533,532,1
534,31,1
534,352,1
534,356,1
534,533,1
535,31,1
535,356,1
535,357,1
536,31,1
537,532,1
538,3,1
539,30,1
540,75,1
541,76,1
542,55,1
543,131,1
544,519,1
545,128,1
546,147,1
